"driverId","driverRef","number","code","forename","surname","dob","nationality","url"
"1","hamilton",44,"HAM","Lewis","Hamilton","07/01/1985","British","http://en.wikipedia.org/wiki/Lewis_Hamilton"
"3","rosberg",6,"ROS","Nico","Rosberg","27/06/1985","German","http://en.wikipedia.org/wiki/Nico_Rosberg"
"4","alonso",14,"ALO","Fernando","Alonso","29/07/1981","Spanish","http://en.wikipedia.org/wiki/Fernando_Alonso"
"8","raikkonen",7,"RAI","Kimi","Raikkonen","17/10/1979","Finnish","http://en.wikipedia.org/wiki/Kimi_R%C3%A4ikk%C3%B6nen"
"13","massa",19,"MAS","Felipe","Massa","25/04/1981","Brazilian","http://en.wikipedia.org/wiki/Felipe_Massa"
"16","sutil",99,"SUT","Adrian","Sutil","11/01/1983","German","http://en.wikipedia.org/wiki/Adrian_Sutil"
"18","button",22,"BUT","Jenson","Button","19/01/1980","British","http://en.wikipedia.org/wiki/Jenson_Button"
"20","vettel",5,"VET","Sebastian","Vettel","03/07/1987","German","http://en.wikipedia.org/wiki/Sebastian_Vettel"
"154","grosjean",8,"GRO","Romain","Grosjean","17/04/1986","French","http://en.wikipedia.org/wiki/Romain_Grosjean"
"155","kobayashi",10,"KOB","Kamui","Kobayashi","13/09/1986","Japanese","http://en.wikipedia.org/wiki/Kamui_Kobayashi"
"842","gasly",10,"GAS","Pierre","Gasly","07/02/1996","French","http://en.wikipedia.org/wiki/Pierre_Gasly"
"807","hulkenberg",27,"HUL","Nico","Hulkenberg","19/08/1987","German","http://en.wikipedia.org/wiki/Nico_H%C3%BClkenberg"
"813","maldonado",13,"MAL","Pastor","Maldonado","09/03/1985","Venezuelan","http://en.wikipedia.org/wiki/Pastor_Maldonado"
"814","resta",NA,"DIR","Paul","di Resta","16/04/1986","British","http://en.wikipedia.org/wiki/Paul_di_Resta"
"815","perez",11,"PER","Sergio","Perez","26/01/1990","Mexican","http://en.wikipedia.org/wiki/Sergio_P%C3%A9rez"
"817","ricciardo",3,"RIC","Daniel","Ricciardo","01/07/1989","Australian","http://en.wikipedia.org/wiki/Daniel_Ricciardo"
"818","vergne",25,"VER","Jean-Eric","Vergne","25/04/1990","French","http://en.wikipedia.org/wiki/Jean-%C3%89ric_Vergne"
"820","chilton",4,"CHI","Max","Chilton","21/04/1991","British","http://en.wikipedia.org/wiki/Max_Chilton"
"821","gutierrez",21,"GUT","Esteban","Gutierrez","05/08/1991","Mexican","http://en.wikipedia.org/wiki/Esteban_Guti%C3%A9rrez"
"822","bottas",77,"BOT","Valtteri","Bottas","28/08/1989","Finnish","http://en.wikipedia.org/wiki/Valtteri_Bottas"
"824","jules_bianchi",17,"BIA","Jules","Bianchi","03/08/1989","French","http://en.wikipedia.org/wiki/Jules_Bianchi"
"825","kevin_magnussen",20,"MAG","Kevin","Magnussen","05/10/1992","Danish","http://en.wikipedia.org/wiki/Kevin_Magnussen"
"826","kvyat",26,"KVY","Daniil","Kvyat","26/04/1994","Russian","http://en.wikipedia.org/wiki/Daniil_Kvyat"
"827","lotterer",45,"LOT","Andre","Lotterer","19/11/1981","German","http://en.wikipedia.org/wiki/Andr%C3%A9_Lotterer"
"828","ericsson",9,"ERI","Marcus","Ericsson","02/09/1990","Swedish","http://en.wikipedia.org/wiki/Marcus_Ericsson"
"829","stevens",28,"STE","Will","Stevens","28/06/1991","British","http://en.wikipedia.org/wiki/Will_Stevens"
"830","max_verstappen",33,"VER","Max","Verstappen","30/09/1997","Dutch","http://en.wikipedia.org/wiki/Max_Verstappen"
"831","nasr",12,"NAS","Felipe","Nasr","21/08/1992","Brazilian","http://en.wikipedia.org/wiki/Felipe_Nasr"
"832","sainz",55,"SAI","Carlos","Sainz","01/09/1994","Spanish","http://en.wikipedia.org/wiki/Carlos_Sainz_Jr."
"833","merhi",98,"MER","Roberto","Merhi","22/03/1991","Spanish","http://en.wikipedia.org/wiki/Roberto_Merhi"
"834","rossi",53,"RSS","Alexander","Rossi","25/09/1991","American","http://en.wikipedia.org/wiki/Alexander_Rossi_%28racing_driver%29"
"835","jolyon_palmer",30,"PAL","Jolyon","Palmer","20/01/1991","British","http://en.wikipedia.org/wiki/Jolyon_Palmer"
"836","wehrlein",94,"WEH","Pascal","Wehrlein","18/10/1994","German","http://en.wikipedia.org/wiki/Pascal_Wehrlein"
"837","haryanto",88,"HAR","Rio","Haryanto","22/01/1993","Indonesian","http://en.wikipedia.org/wiki/Rio_Haryanto"
"838","vandoorne",2,"VAN","Stoffel","Vandoorne","26/03/1992","Belgian","http://en.wikipedia.org/wiki/Stoffel_Vandoorne"
"839","ocon",31,"OCO","Esteban","Ocon","17/09/1996","French","http://en.wikipedia.org/wiki/Esteban_Ocon"
"840","stroll",18,"STR","Lance","Stroll","29/10/1998","Canadian","http://en.wikipedia.org/wiki/Lance_Stroll"
"841","giovinazzi",36,"GIO","Antonio","Giovinazzi","14/12/1993","Italian","http://en.wikipedia.org/wiki/Antonio_Giovinazzi"
"843","brendon_hartley",39,"HAR","Brendon","Hartley","10/11/1989","New Zealander","http://en.wikipedia.org/wiki/Brendon_Hartley"
